-- phpMyAdmin SQL Dump
-- version 5.2.1
-- https://www.phpmyadmin.net/
--
-- 主機： 127.0.0.1
-- 產生時間： 2023-07-20 00:28:24
-- 伺服器版本： 10.4.28-MariaDB
-- PHP 版本： 8.2.4

SET SQL_MODE = "NO_AUTO_VALUE_ON_ZERO";
START TRANSACTION;
SET time_zone = "+00:00";


/*!40101 SET @OLD_CHARACTER_SET_CLIENT=@@CHARACTER_SET_CLIENT */;
/*!40101 SET @OLD_CHARACTER_SET_RESULTS=@@CHARACTER_SET_RESULTS */;
/*!40101 SET @OLD_COLLATION_CONNECTION=@@COLLATION_CONNECTION */;
/*!40101 SET NAMES utf8mb4 */;

--
-- 資料庫： `coffseeker_db`
--

-- --------------------------------------------------------

--
-- 資料表結構 `course`
--

CREATE TABLE `course` (
  `course_id` int(10) NOT NULL,
  `course_name` varchar(26) NOT NULL,
  `course_type_id` int(10) NOT NULL,
  `course_level_id` int(5) NOT NULL,
  `teacher_id` int(10) NOT NULL,
  `course_price` int(10) NOT NULL,
  `sign_start_date` date NOT NULL,
  `sign_end_date` date NOT NULL,
  `course_start_date` date NOT NULL,
  `course_end_date` date NOT NULL,
  `course_location_id` int(5) NOT NULL,
  `course_capacity` int(5) NOT NULL,
  `course_description` text NOT NULL,
  `course_image` varchar(50) NOT NULL,
  `course_created_at` datetime NOT NULL,
  `course_valid` tinyint(4) NOT NULL
) ENGINE=InnoDB DEFAULT CHARSET=utf8mb4 COLLATE=utf8mb4_general_ci;

--
-- 傾印資料表的資料 `course`
--

INSERT INTO `course` (`course_id`, `course_name`, `course_type_id`, `course_level_id`, `teacher_id`, `course_price`, `sign_start_date`, `sign_end_date`, `course_start_date`, `course_end_date`, `course_location_id`, `course_capacity`, `course_description`, `course_image`, `course_created_at`, `course_valid`) VALUES
(1, '咖啡拉花入門班', 1, 1, 1, 1000, '2023-07-01', '2023-07-13', '2023-07-15', '2023-07-16', 1, 10, '入門咖啡拉花班，開啟你的咖啡藝術之旅！\n\n渴望在咖啡的世界中展現獨特的風采嗎？想要掌握咖啡拉花的技巧，成為一位優秀的咖啡師傅嗎？現在就加入我們的入門咖啡拉花班，讓我們一起點亮你的咖啡之夢！\n\n無論你是想在咖啡店工作、開設咖啡店，或者僅僅是想深入了解咖啡的世界，咖啡拉花入門班將是你打開大門的鑰匙。趕快加入我們，開始你的咖啡藝術之旅吧！', 'latte_1_1.jpg', '2023-04-01 09:24:30', 2),
(2, '咖啡拉花入門班', 1, 1, 3, 1000, '2023-07-01', '2023-07-13', '2023-07-19', '2023-07-22', 3, 10, '入門咖啡拉花班，開啟你的咖啡藝術之旅！  渴望在咖啡的世界中展現獨特的風采嗎？想要掌握咖啡拉花的技巧，成為一位優秀的咖啡師傅嗎？現在就加入我們的入門咖啡拉花班，讓我們一起點亮你的咖啡之夢！  無論你是想在咖啡店工作、開設咖啡店，或者僅僅是想深入了解咖啡的世界，咖啡拉花入門班將是你打開大門的鑰匙。趕快加入我們，開始你的咖啡藝術之旅吧！', 'latte_1_1.jpg', '2023-04-01 09:24:30', 1),
(3, '咖啡拉花入門班', 1, 1, 2, 1000, '2023-07-08', '2023-07-20', '2023-07-22', '2023-07-23', 2, 10, '入門咖啡拉花班，開啟你的咖啡藝術之旅！\r\n\r\n渴望在咖啡的世界中展現獨特的風采嗎？想要掌握咖啡拉花的技巧，成為一位優秀的咖啡師傅嗎？現在就加入我們的入門咖啡拉花班，讓我們一起點亮你的咖啡之夢！\r\n\r\n無論你是想在咖啡店工作、開設咖啡店，或者僅僅是想深入了解咖啡的世界，咖啡拉花入門班將是你打開大門的鑰匙。趕快加入我們，開始你的咖啡藝術之旅吧！', 'latte_1_2.jpg', '2023-04-01 09:24:30', 1),
(4, '咖啡拉花入門班', 1, 1, 10, 1000, '2023-07-08', '2023-07-20', '2023-07-22', '2023-07-23', 4, 10, '入門咖啡拉花班，開啟你的咖啡藝術之旅！\n\n渴望在咖啡的世界中展現獨特的風采嗎？想要掌握咖啡拉花的技巧，成為一位優秀的咖啡師傅嗎？現在就加入我們的入門咖啡拉花班，讓我們一起點亮你的咖啡之夢！\n\n無論你是想在咖啡店工作、開設咖啡店，或者僅僅是想深入了解咖啡的世界，咖啡拉花入門班將是你打開大門的鑰匙。趕快加入我們，開始你的咖啡藝術之旅吧！', 'latte_1_3.jpg', '2023-04-01 09:24:30', 1),
(5, '咖啡拉花進階班', 1, 2, 1, 1500, '2023-07-14', '2023-07-27', '2023-07-29', '2023-07-30', 1, 10, '進階咖啡拉花班，提升你的咖啡藝術境界！\r\n\r\n尋求咖啡拉花技藝的進一步提升？渴望在咖啡藝術領域中展現卓越才華？現在就加入我們的精緻咖啡拉花進階課程，將你的咖啡技術提升到更高層次！', 'latte_2_1.jpg', '2023-04-04 09:24:30', 1),
(6, '咖啡拉花進階班', 1, 2, 2, 1500, '2023-07-14', '2023-07-27', '2023-07-29', '2023-07-30', 2, 10, '進階咖啡拉花班，提升你的咖啡藝術境界！\r\n\r\n尋求咖啡拉花技藝的進一步提升？渴望在咖啡藝術領域中展現卓越才華？現在就加入我們的精緻咖啡拉花進階課程，將你的咖啡技術提升到更高層次！', 'latte_2_2.jpg', '2023-04-04 09:24:30', 1),
(7, '咖啡拉花進階班', 1, 2, 3, 1500, '2023-07-14', '2023-07-27', '2023-07-29', '2023-07-30', 3, 10, '進階咖啡拉花班，提升你的咖啡藝術境界！\r\n\r\n尋求咖啡拉花技藝的進一步提升？渴望在咖啡藝術領域中展現卓越才華？現在就加入我們的精緻咖啡拉花進階課程，將你的咖啡技術提升到更高層次！', 'latte_2_3.jpg', '2023-04-04 09:24:30', 1),
(8, '咖啡拉花高階班', 1, 3, 1, 1500, '2023-07-14', '2023-08-03', '2023-08-05', '2023-08-06', 1, 10, '進階咖啡拉花班，提升你的咖啡藝術境界！\n\n尋求咖啡拉花技藝的進一步提升？渴望在咖啡藝術領域中展現卓越才華？現在就加入我們的精緻咖啡拉花進階課程，將你的咖啡技術提升到更高層次！', 'latte_3_1.jpg', '2023-04-06 09:24:30', 1),
(9, '咖啡拉花高階班', 1, 3, 2, 1500, '2023-07-31', '2023-08-03', '2023-08-05', '2023-08-06', 2, 10, '進階咖啡拉花班，提升你的咖啡藝術境界！\n\n尋求咖啡拉花技藝的進一步提升？渴望在咖啡藝術領域中展現卓越才華？現在就加入我們的精緻咖啡拉花進階課程，將你的咖啡技術提升到更高層次！', 'latte_3_2.jpg', '2023-04-06 09:24:30', 2),
(10, '咖啡拉花高階班', 1, 3, 3, 1500, '2023-07-14', '2023-08-03', '2023-08-05', '2023-08-06', 3, 10, '進階咖啡拉花班，提升你的咖啡藝術境界！\r\n\r\n尋求咖啡拉花技藝的進一步提升？渴望在咖啡藝術領域中展現卓越才華？現在就加入我們的精緻咖啡拉花進階課程，將你的咖啡技術提升到更高層次！', 'latte_3_3.jpg', '2023-04-06 09:24:30', 1),
(11, '咖啡手沖入門班', 2, 1, 4, 4000, '2023-07-01', '2023-07-13', '2023-07-15', '2023-07-16', 1, 10, '咖啡手沖入門班，啟迪你的手沖咖啡之旅！\r\n\r\n對於咖啡的風味和品質有極高要求嗎？想要親自體驗手沖咖啡的獨特魅力嗎？現在就加入我們的咖啡手沖入門班，開啟你的咖啡沖煮之旅！\r\n\r\n不論你是咖啡愛好者還是對咖啡店工作充滿熱情，我們的課程都能夠滿足你的需求。我們提供實際操作的機會，讓你在專業的環境中磨練手沖技巧，並獲得寶貴的實踐經驗。', 'pour_1_1.jpg', '2023-04-01 09:24:30', 2),
(12, '咖啡手沖入門班', 2, 1, 4, 4000, '2023-07-08', '2023-07-18', '2023-07-19', '2023-07-21', 1, 10, '咖啡手沖入門班，啟迪你的手沖咖啡之旅！\n\n對於咖啡的風味和品質有極高要求嗎？想要親自體驗手沖咖啡的獨特魅力嗎？現在就加入我們的咖啡手沖入門班，開啟你的咖啡沖煮之旅！\n\n不論你是咖啡愛好者還是對咖啡店工作充滿熱情，我們的課程都能夠滿足你的需求。我們提供實際操作的機會，讓你在專業的環境中磨練手沖技巧，並獲得寶貴的實踐經驗。', 'pour_1_1.jpg', '2023-04-01 09:24:30', 1),
(13, '咖啡手沖入門班', 2, 1, 5, 4000, '2023-07-08', '2023-07-20', '2023-07-22', '2023-07-23', 2, 10, '咖啡手沖入門班，啟迪你的手沖咖啡之旅！\r\n\r\n對於咖啡的風味和品質有極高要求嗎？想要親自體驗手沖咖啡的獨特魅力嗎？現在就加入我們的咖啡手沖入門班，開啟你的咖啡沖煮之旅！\r\n\r\n不論你是咖啡愛好者還是對咖啡店工作充滿熱情，我們的課程都能夠滿足你的需求。我們提供實際操作的機會，讓你在專業的環境中磨練手沖技巧，並獲得寶貴的實踐經驗。', 'pour_1_2.jpg', '2023-04-01 09:24:30', 1),
(14, '咖啡手沖入門班', 2, 1, 6, 1000, '2023-07-08', '2023-07-21', '2023-07-22', '2023-07-23', 3, 10, '咖啡手沖入門班，啟迪你的手沖咖啡之旅！\r\n\r\n對於咖啡的風味和品質有極高要求嗎？想要親自體驗手沖咖啡的獨特魅力嗎？現在就加入我們的咖啡手沖入門班，開啟你的咖啡沖煮之旅！\r\n\r\n不論你是咖啡愛好者還是對咖啡店工作充滿熱情，我們的課程都能夠滿足你的需求。我們提供實際操作的機會，讓你在專業的環境中磨練手沖技巧，並獲得寶貴的實踐經驗。', 'pour_1_3.jpg', '2023-04-01 09:24:30', 1),
(15, '咖啡手沖進階班', 2, 2, 4, 1500, '2023-07-14', '2023-07-28', '2023-07-29', '2023-07-30', 1, 10, '咖啡手沖進階班，探索咖啡的無限深度！\n\n你已經熟練掌握了基本的手沖咖啡技巧嗎？渴望進一步挑戰咖啡的藝術極限嗎？現在就加入我們的咖啡手沖進階班，開啟你咖啡沖煮的新境界！\n\n無論你是追求沖煮藝術的卓越完美，還是渴望在咖啡行業中取得更大成就，咖啡手沖進階班將為你實現這些理想打下堅實的基礎。立即加入我們，一同探索咖啡的無限深度！', 'pour_2_1.jpg', '2023-04-15 09:24:30', 1),
(16, '咖啡手沖進階班', 2, 2, 5, 1500, '2023-07-14', '2023-07-28', '2023-07-29', '2023-07-30', 2, 10, '咖啡手沖進階班，探索咖啡的無限深度！\r\n\r\n你已經熟練掌握了基本的手沖咖啡技巧嗎？渴望進一步挑戰咖啡的藝術極限嗎？現在就加入我們的咖啡手沖進階班，開啟你咖啡沖煮的新境界！\r\n\r\n無論你是追求沖煮藝術的卓越完美，還是渴望在咖啡行業中取得更大成就，咖啡手沖進階班將為你實現這些理想打下堅實的基礎。立即加入我們，一同探索咖啡的無限深度！', 'pour_2_2.jpg', '2023-04-15 09:24:30', 1),
(17, '咖啡手沖進階班', 2, 2, 6, 1500, '2023-07-14', '2023-07-28', '2023-07-29', '2023-07-30', 3, 10, '咖啡手沖進階班，探索咖啡的無限深度！\r\n\r\n你已經熟練掌握了基本的手沖咖啡技巧嗎？渴望進一步挑戰咖啡的藝術極限嗎？現在就加入我們的咖啡手沖進階班，開啟你咖啡沖煮的新境界！\r\n\r\n無論你是追求沖煮藝術的卓越完美，還是渴望在咖啡行業中取得更大成就，咖啡手沖進階班將為你實現這些理想打下堅實的基礎。立即加入我們，一同探索咖啡的無限深度！', 'pour_2_3.jpg', '2023-04-15 09:24:30', 1),
(18, '咖啡手沖高階班', 2, 3, 4, 5000, '2023-07-14', '2023-08-03', '2023-08-05', '2023-08-06', 1, 10, '咖啡手沖高階班，超越極致的咖啡沖煮之境！\n\n你已經掌握了手沖咖啡的精髓技巧嗎？追求在咖啡藝術的巔峰超越自我嗎？現在就加入我們的咖啡手沖高階班，啟迪你對咖啡沖煮的極致探索！', 'pour_3_1.jpg', '2023-04-15 09:24:30', 1),
(19, '咖啡手沖高階班', 2, 3, 5, 5000, '2023-07-14', '2023-08-03', '2023-08-05', '2023-08-06', 2, 10, '咖啡手沖高階班，超越極致的咖啡沖煮之境！\n\n你已經掌握了手沖咖啡的精髓技巧嗎？追求在咖啡藝術的巔峰超越自我嗎？現在就加入我們的咖啡手沖高階班，啟迪你對咖啡沖煮的極致探索！', 'pour_3_2.jpg', '2023-04-15 09:24:30', 1),
(20, '咖啡手沖高階班', 2, 3, 6, 5000, '2023-07-14', '2023-08-03', '2023-08-05', '2023-08-06', 3, 10, '咖啡手沖高階班，超越極致的咖啡沖煮之境！\n\n你已經掌握了手沖咖啡的精髓技巧嗎？追求在咖啡藝術的巔峰超越自我嗎？現在就加入我們的咖啡手沖高階班，啟迪你對咖啡沖煮的極致探索！', 'pour_3_3.jpg', '2023-04-15 09:24:30', 1),
(24, '基礎咖啡烘焙班', 3, 1, 1, 1200, '2023-07-07', '2023-07-14', '2023-07-15', '2023-07-16', 1, 10, '這是一門針對咖啡烘焙初學者設計的基礎課程。我們將從咖啡生豆的認識開始，學習如何控制烘焙的時間和溫度，讓你的咖啡豆烘焙出最佳風味。無論你是想自家烘焙或是在咖啡店工作，這門課都將幫助你打下堅實的烘焙基礎。', 'roasting_1.jpg', '2023-04-01 09:24:30', 1),
(25, '進階咖啡烘焙班', 3, 2, 2, 1500, '2023-07-01', '2023-07-13', '2023-07-15', '2023-07-16', 2, 10, '這是一門針對已有基礎烘焙知識的學員設計的進階課程。我們將學習更深入的烘焙技巧，包括不同烘焙方法的比較和控制烘焙曲線。通過這門課，你將能夠提升咖啡豆的品質和風味，成為一名出色的咖啡烘焙師！', 'roasting_2.jpg', '2023-04-01 09:24:30', 1),
(26, '特色咖啡烘焙班', 3, 3, 3, 1800, '2023-07-08', '2023-07-20', '2023-07-22', '2023-07-23', 3, 10, '這是一門針對對特色咖啡烘焙感興趣的學員設計的課程。我們將學習烘焙來自不同產區和處理方法的特色咖啡豆，並探索它們獨特的風味特點。透過這堂課，你將能夠烘焙出令人驚艷的特色咖啡！', 'roasting_3.jpg', '2023-04-01 09:24:30', 1),
(27, '證照咖啡烘焙班', 3, 4, 4, 2000, '2023-08-05', '2023-08-18', '2023-08-22', '2023-08-25', 1, 8, '這是一門為準備參加咖啡烘焙證照考試的學員設計的課程。我們將全面涵蓋考試範圍，包括烘焙理論、品質控制和烘焙實踐。通過這門課程的學習，你將準備好順利通過咖啡烘焙證照考試！', 'roasting_4.jpg', '2023-04-01 09:24:30', 1),
(28, '線上咖啡烘焙課', 3, 1, 5, 1000, '2023-08-10', '2023-08-25', '2023-09-01', '2023-09-10', 4, 15, '這是一門適合想在家學習的咖啡愛好者的課程。我們將通過線上視訊的形式，與你分享咖啡的烘焙知識和技巧。課程內容包括咖啡生豆的選擇、烘焙曲線的控制和品質控制等。只要你有一台電腦和對咖啡烘焙的熱愛，就可以參加這門課程！', 'roasting_5.jpg', '2023-04-01 09:24:30', 1),
(29, '專業烘焙師培訓', 3, 3, 6, 2500, '2023-08-15', '2023-08-25', '2023-08-29', '2023-08-29', 2, 10, '這是一門專為有志成為專業烘焙師的學員設計的培訓班。我們將從烘焙的基礎知識開始，逐步深入學習烘焙的技術和理論。通過這堂課，你將為日後的咖啡烘焙事業打下堅實的基礎。', 'roasting_6.jpg', '2023-04-01 09:24:30', 1),
(30, '咖啡風味品評課', 3, 2, 7, 1500, '2023-08-12', '2023-08-24', '2023-08-28', '2023-08-30', 3, 10, '這是一門針對咖啡愛好者設計的風味品評課程。我們將學習如何進行咖啡的杯測和品評，並深入探討不同產區和處理方法對咖啡風味的影響。透過這門課程，你將成為一名咖啡風味的專家！', 'roasting_7.jpg', '2023-04-01 09:24:30', 1),
(31, '特殊咖啡烘焙班', 3, 3, 8, 2000, '2023-08-18', '2023-08-30', '2023-09-01', '2023-09-10', 4, 12, '這是一門針對特殊處理咖啡豆烘焙的學員設計的課程。我們將學習特殊處理方法對咖啡風味的影響，包括蜜處理、發酵處理等。透過這堂課，你將為咖啡風味的探索帶來更多可能性！', 'roasting_8.jpg', '2023-04-01 09:24:30', 2),
(32, '咖啡烘焙DIY', 3, 1, 9, 800, '2023-08-22', '2023-09-05', '2023-09-10', '2023-09-15', 2, 12, '這是一門適合咖啡愛好者的DIY工作坊。我們將提供咖啡生豆和烘焙器具，讓你親手體驗咖啡烘焙的樂趣。無論你是咖啡初學者還是有經驗的烘焙師，這個工作坊都會讓你愛上咖啡烘焙！', 'roasting_9.jpg', '2023-04-01 09:24:30', 1),
(33, '基礎咖啡萃取班', 4, 1, 1, 1000, '2023-07-01', '2023-07-13', '2023-07-15', '2023-07-16', 1, 10, '這是一門針對咖啡萃取初學者設計的基礎課程。我們將學習基本的萃取方法和技巧，包括濾杯、壓濾和冷萃等。無論你是想自家泡咖啡還是在咖啡店工作，這門課都將幫助你打下堅實的萃取基礎。', 'brewing_1.jpg', '2023-04-01 09:24:30', 1),
(34, '進階咖啡萃取班', 4, 2, 2, 1200, '2023-07-01', '2023-07-13', '2023-07-18', '2023-07-21', 2, 10, '這是一門針對已有基礎萃取知識的學員設計的進階課程。我們將學習更深入的萃取技巧，包括不同萃取方法的比較和精確控制萃取參數。通過這門課，你將成為一名出色的咖啡萃取師！', 'brewing_2.jpg', '2023-04-01 09:24:30', 1),
(35, '特色咖啡萃取班', 4, 3, 3, 1500, '2023-07-08', '2023-07-20', '2023-07-22', '2023-07-23', 3, 10, '這是一門針對對特色咖啡萃取感興趣的學員設計的課程。我們將學習萃取來自不同產區和處理方法的特色咖啡，並探索它們獨特的風味特點。透過這堂課，你將成為一名特色咖啡的專家！', 'brewing_3.jpg', '2023-04-01 09:24:30', 1),
(36, '證照咖啡萃取班', 4, 4, 4, 1800, '2023-08-05', '2023-08-18', '2023-08-22', '2023-08-25', 1, 8, '這是一門為準備參加咖啡萃取證照考試的學員設計的課程。我們將全面涵蓋考試範圍，包括萃取理論、品質控制和萃取實踐。通過這門課程的學習，你將準備好順利通過咖啡萃取證照考試！', 'brewing_4.jpg', '2023-04-01 09:24:30', 1),
(37, '線上咖啡萃取課', 4, 1, 5, 800, '2023-08-10', '2023-08-25', '2023-09-01', '2023-09-10', 4, 15, '這是一門適合想在家學習的咖啡愛好者的課程。我們將通過線上視訊的形式，與你分享咖啡的萃取知識和技巧。課程內容包括不同萃取方法的示範和萃取參數的調整等。只要你有一台電腦和對咖啡萃取的熱愛，就可以參加這門課程！', 'brewing_5.jpg', '2023-04-01 09:24:30', 1),
(38, '專業萃取培訓班', 4, 3, 6, 2000, '2023-08-15', '2023-08-25', '2023-08-29', '2023-08-29', 2, 10, '這是一門專為有志成為專業萃取師的學員設計的培訓班。我們將從萃取的基礎知識開始，逐步深入學習萃取的技術和理論。通過這堂課，你將為日後的咖啡萃取事業打下堅實的基礎。', 'brewing_6.jpg', '2023-04-01 09:24:30', 1),
(39, '咖啡風味品評課', 4, 2, 7, 1500, '2023-08-12', '2023-08-24', '2023-08-28', '2023-08-30', 3, 10, '這是一門針對咖啡愛好者設計的風味品評課程。我們將學習如何進行咖啡的杯測和品評，並深入探討不同產區和處理方法對咖啡風味的影響。透過這門課程，你將成為一名咖啡風味的專家！', 'brewing_7.jpg', '2023-04-01 09:24:30', 1),
(40, '特殊萃取咖啡班', 4, 3, 8, 1800, '2023-08-18', '2023-08-30', '2023-09-01', '2023-09-10', 4, 12, '這是一門針對特殊萃取咖啡方法的學員設計的課程。我們將學習不同的萃取方法，包括濾壓、水滴、虹吸等。透過這門課程，你將為咖啡萃取帶來更多創意和可能性！', 'brewing_8.jpg', '2023-04-01 09:24:30', 1),
(41, '咖啡萃取DIY', 4, 1, 9, 800, '2023-08-22', '2023-09-05', '2023-09-10', '2023-09-15', 2, 12, '這是一門適合咖啡愛好者的DIY工作坊。我們將提供咖啡機和不同的萃取器具，讓你親手體驗咖啡萃取的樂趣。無論你是咖啡初學者還是有經驗的萃取師，這個工作坊都會讓你愛上咖啡萃取！', 'brewing_9.jpg', '2023-04-01 09:24:30', 1),
(42, '感官品評入門', 5, 1, 1, 1200, '2023-09-15', '2023-09-25', '2023-10-01', '2023-10-05', 1, 12, '這是一門針對咖啡愛好者設計的感官品評入門課程。我們將學習咖啡的感官評估方法，包括咖啡的香氣、口感和餘韻等。通過這門課程，你將成為一名咖啡感官品評的專家！', 'sensory_1.jpg', '2023-04-01 09:24:30', 1),
(43, '咖啡風味感知', 5, 2, 2, 1500, '2023-09-15', '2023-09-25', '2023-10-01', '2023-10-05', 2, 12, '這是一門針對已有基礎感官品評知識的學員設計的進階課程。我們將學習更深入的咖啡風味評估方法，包括不同產區和處理方法對咖啡風味的影響。通過這門課，你將成為一名出色的咖啡風味感知師！', 'sensory_2.jpg', '2023-04-01 09:24:30', 1),
(44, '咖啡風味專家班', 5, 3, 3, 1800, '2023-09-20', '2023-09-30', '2023-10-05', '2023-10-10', 3, 10, '這是一門針對對特色咖啡風味感興趣的學員設計的課程。我們將學習不同產區和處理方法的特色咖啡風味，並探索它們獨特的風味特點。透過這堂課，你將成為一名咖啡風味的專家！', 'sensory_3.jpg', '2023-04-01 09:24:30', 1),
(45, '咖啡感官證照班', 5, 4, 4, 2000, '2023-09-25', '2023-10-05', '2023-10-10', '2023-10-15', 4, 10, '這是一門為準備參加咖啡感官證照考試的學員設計的課程。我們將全面涵蓋考試範圍，包括感官評估理論、品質控制和咖啡風味感知實踐。通過這門課程的學習，你將準備好順利通過咖啡感官證照考試！', 'sensory_4.jpg', '2023-04-01 09:24:30', 1),
(46, '線上咖啡感官課程', 5, 1, 5, 800, '2023-09-30', '2023-10-10', '2023-10-15', '2023-10-20', 1, 15, '這是一門適合想在家學習的咖啡愛好者的感官課程。我們將通過線上視訊的形式，與你分享咖啡的感官評估方法和技巧。只要你有一台電腦和對咖啡感官的熱愛，就可以參加這門課程！', 'sensory_5.jpg', '2023-04-01 09:24:30', 1),
(47, '咖啡風味深度學習', 5, 3, 6, 1800, '2023-10-05', '2023-10-15', '2023-10-20', '2023-10-25', 2, 10, '這是一門針對有志深入研究咖啡風味的學員設計的課程。我們將深入探討咖啡的風味特點和咖啡化學物質的關聯。通過這門課程的學習，你將成為一名咖啡風味的深度學習者！', 'sensory_6.jpg', '2023-04-01 09:24:30', 1),
(48, '咖啡風味品鑒工作坊', 5, 2, 7, 1500, '2023-10-10', '2023-10-20', '2023-10-25', '2023-10-30', 3, 10, '這是一門適合咖啡愛好者的DIY工作坊。我們將提供多種特色咖啡，讓你親手體驗咖啡風味品鑒的樂趣。無論你是咖啡初學者還是有經驗的品鑒師，這個工作坊都會讓你愛上咖啡風味品鑒！', 'sensory_7.jpg', '2023-04-01 09:24:30', 1),
(49, '特殊咖啡風味探索', 5, 3, 8, 1800, '2023-10-15', '2023-10-25', '2023-10-30', '2023-11-05', 4, 12, '這是一門針對對特殊咖啡風味感興趣的學員設計的課程。我們將學習來自不同產區和處理方法的特殊咖啡，並探索它們獨特的風味特點。透過這門課程，你將為咖啡風味帶來更多創意和可能性！', 'sensory_8.jpg', '2023-04-01 09:24:30', 1),
(50, '咖啡感官探索之旅', 5, 1, 9, 800, '2023-10-20', '2023-10-30', '2023-11-05', '2023-11-10', 2, 12, '這是一門適合咖啡愛好者的感官探索之旅。我們將提供多種特色咖啡，讓你親手體驗咖啡的風味世界。無論你是咖啡初學者還是有經驗的品鑒師，這個探索之旅都會讓你愛上咖啡感官！', 'sensory_9.jpg', '2023-04-01 09:24:30', 1),
(51, '咖啡風味創新工坊', 5, 2, 10, 1000, '2023-10-25', '2023-11-05', '2023-11-10', '2023-11-15', 1, 10, '這是一門針對咖啡風味創新感興趣的學員設計的工坊。我們將通過多種特殊材料和調味品，創作出獨特的咖啡風味。這個工坊將挑戰你對咖啡風味的想像！', 'sensory_9.jpg', '2023-04-01 09:24:30', 2),
(52, '咖啡拉花入門班', 1, 1, 1, 1000, '2023-07-01', '2023-07-13', '2023-07-15', '2023-07-26', 1, 10, '入門咖啡拉花班，開啟你的咖啡藝術之旅！', 'latte_1_1.jpg', '2023-04-01 09:24:30', 1),
(53, '咖啡拉花進階班', 1, 2, 2, 1200, '2023-07-05', '2023-07-15', '2023-07-20', '2023-07-28', 2, 12, '進階咖啡拉花班，提升你的咖啡拉花技巧！', 'latte_2_1.jpg', '2023-04-01 09:24:30', 1),
(54, '咖啡拉花高階班', 1, 3, 3, 1500, '2023-07-10', '2023-07-20', '2023-07-25', '2023-07-30', 3, 15, '高階咖啡拉花班，掌握專業咖啡拉花技巧！', 'latte_3_1.jpg', '2023-04-01 09:24:30', 1),
(55, '咖啡拉花證照班', 1, 4, 4, 1800, '2023-07-15', '2023-07-25', '2023-07-30', '2023-08-05', 4, 15, '證照咖啡拉花班，為你的咖啡拉花事業增添專業證照！', 'latte_3_3.jpg', '2023-04-01 09:24:30', 1),
(56, '咖啡拉花入門班', 1, 1, 5, 1000, '2023-07-18', '2023-07-28', '2023-08-01', '2023-08-08', 1, 10, '入門咖啡拉花班，開啟你的咖啡藝術之旅！', 'latte_1_2.jpg', '2023-04-01 09:24:30', 1),
(57, '咖啡拉花進階班', 1, 2, 6, 1200, '2023-07-22', '2023-08-01', '2023-08-05', '2023-08-10', 2, 12, '進階咖啡拉花班，提升你的咖啡拉花技巧！', 'latte_2_2.jpg', '2023-04-01 09:24:30', 1),
(58, '咖啡拉花高階班', 1, 3, 7, 1500, '2023-07-25', '2023-08-05', '2023-08-10', '2023-08-15', 3, 15, '高階咖啡拉花班，掌握專業咖啡拉花技巧！', 'latte_3_2.jpg', '2023-04-01 09:24:30', 1),
(59, '咖啡拉花證照班', 1, 4, 8, 1800, '2023-07-30', '2023-08-10', '2023-08-15', '2023-08-20', 4, 15, '證照咖啡拉花班，為你的咖啡拉花事業增添專業證照！', 'latte_3_2.jpg', '2023-04-01 09:24:30', 2),
(60, '咖啡拉花入門班', 1, 1, 9, 1000, '2023-08-05', '2023-08-15', '2023-08-20', '2023-08-25', 1, 10, '入門咖啡拉花班，開啟你的咖啡藝術之旅！', 'latte_1_3.jpg', '2023-04-01 09:24:30', 1),
(61, '咖啡拉花進階班', 1, 2, 10, 1200, '2023-08-10', '2023-08-20', '2023-08-25', '2023-08-30', 2, 12, '進階咖啡拉花班，提升你的咖啡拉花技巧！', 'latte_2_3.jpg', '2023-04-01 09:24:30', 1),
(62, '咖啡拉花高階班', 1, 3, 1, 1500, '2023-08-15', '2023-08-25', '2023-08-30', '2023-09-05', 3, 15, '高階咖啡拉花班，掌握專業咖啡拉花技巧！', 'latte_3_3.jpg', '2023-04-01 09:24:30', 2),
(63, '咖啡綜合資訊入門班', 6, 1, 1, 800, '2023-06-25', '2023-07-05', '2023-07-08', '2023-07-31', 1, 10, '咖啡綜合資訊入門班，帶你探索咖啡的世界！', 'coffeeImg_1.jpg', '2023-04-01 09:24:30', 1),
(64, '咖啡綜合資訊進階班', 6, 2, 2, 1000, '2023-06-28', '2023-07-08', '2023-07-12', '2023-08-05', 2, 12, '咖啡綜合資訊進階班，深入了解咖啡的多種風味！', 'coffeeImg_2.jpg', '2023-04-01 09:24:30', 1),
(65, '咖啡綜合資訊高階班', 6, 3, 3, 1200, '2023-07-01', '2023-07-11', '2023-07-15', '2023-08-10', 3, 15, '咖啡綜合資訊高階班，掌握咖啡的製作技巧！', 'coffeeImg_3.jpg', '2023-04-01 09:24:30', 1),
(66, '咖啡綜合資訊證照班', 6, 4, 4, 1500, '2023-07-05', '2023-07-15', '2023-07-18', '2023-08-15', 4, 15, '咖啡綜合資訊證照班，為你的咖啡事業增添專業證照！', 'coffeeImg_4.jpg', '2023-04-01 09:24:30', 1),
(67, '咖啡綜合資訊入門班', 6, 1, 5, 800, '2023-07-08', '2023-07-18', '2023-07-20', '2023-08-20', 1, 10, '咖啡綜合資訊入門班，帶你探索咖啡的世界！', 'coffeeImg_5.jpg', '2023-04-01 09:24:30', 1),
(68, '咖啡綜合資訊進階班', 6, 2, 1, 900, '2023-06-25', '2023-07-05', '2023-07-08', '2023-07-31', 1, 10, '咖啡綜合資訊進階班，深入了解咖啡的多種風味！', 'coffeeImg_6.jpg', '2023-04-01 09:24:30', 1),
(69, '咖啡綜合資訊高階班', 6, 3, 2, 1100, '2023-06-28', '2023-07-08', '2023-07-12', '2023-08-05', 2, 12, '咖啡綜合資訊高階班，掌握咖啡的製作技巧！', 'coffeeImg_7.jpg', '2023-04-01 09:24:30', 1),
(70, '咖啡綜合資訊證照班', 6, 4, 3, 1300, '2023-08-01', '2023-08-05', '2023-08-19', '2023-08-19', 3, 15, '咖啡綜合資訊證照班，為你的咖啡事業增添專業證照！', 'coffeeImg_8.jpg', '2023-04-01 09:24:30', 2),
(71, '咖啡綜合資訊入門班', 6, 1, 4, 800, '2023-07-30', '2023-08-05', '2023-08-13', '2023-08-15', 4, 15, '咖啡綜合資訊入門班，帶你探索咖啡的世界！', 'coffeeImg_9.jpg', '2023-04-01 09:24:30', 2),
(72, '咖啡綜合資訊進階班', 6, 2, 5, 900, '2023-07-08', '2023-07-18', '2023-07-20', '2023-08-20', 1, 10, '咖啡綜合資訊進階班，深入了解咖啡的多種風味！', 'coffeeImg_6.jpg', '2023-04-01 09:24:30', 1);

-- --------------------------------------------------------

--
-- 資料表結構 `course_level`
--

CREATE TABLE `course_level` (
  `course_level_id` int(5) NOT NULL,
  `course_level_name` varchar(25) NOT NULL
) ENGINE=InnoDB DEFAULT CHARSET=utf8mb4 COLLATE=utf8mb4_general_ci;

--
-- 傾印資料表的資料 `course_level`
--

INSERT INTO `course_level` (`course_level_id`, `course_level_name`) VALUES
(1, '入門'),
(2, '進階'),
(3, '高階'),
(4, '證照');

-- --------------------------------------------------------

--
-- 資料表結構 `course_location`
--

CREATE TABLE `course_location` (
  `course_location_id` int(5) NOT NULL,
  `course_location_name` varchar(25) NOT NULL
) ENGINE=InnoDB DEFAULT CHARSET=utf8mb4 COLLATE=utf8mb4_general_ci;

--
-- 傾印資料表的資料 `course_location`
--

INSERT INTO `course_location` (`course_location_id`, `course_location_name`) VALUES
(1, '北部'),
(2, '中部'),
(3, '南部'),
(4, '線上');

-- --------------------------------------------------------

--
-- 資料表結構 `course_type`
--

CREATE TABLE `course_type` (
  `course_type_id` int(5) NOT NULL,
  `course_type_name` varchar(25) NOT NULL
) ENGINE=InnoDB DEFAULT CHARSET=utf8mb4 COLLATE=utf8mb4_general_ci;

--
-- 傾印資料表的資料 `course_type`
--

INSERT INTO `course_type` (`course_type_id`, `course_type_name`) VALUES
(1, '拉花'),
(2, '手沖'),
(3, '烘焙'),
(4, '萃取'),
(5, '感官'),
(6, '綜合');

--
-- 已傾印資料表的索引
--

--
-- 資料表索引 `course`
--
ALTER TABLE `course`
  ADD PRIMARY KEY (`course_id`);

--
-- 資料表索引 `course_level`
--
ALTER TABLE `course_level`
  ADD PRIMARY KEY (`course_level_id`);

--
-- 資料表索引 `course_location`
--
ALTER TABLE `course_location`
  ADD PRIMARY KEY (`course_location_id`);

--
-- 資料表索引 `course_type`
--
ALTER TABLE `course_type`
  ADD PRIMARY KEY (`course_type_id`);

--
-- 在傾印的資料表使用自動遞增(AUTO_INCREMENT)
--

--
-- 使用資料表自動遞增(AUTO_INCREMENT) `course`
--
ALTER TABLE `course`
  MODIFY `course_id` int(10) NOT NULL AUTO_INCREMENT, AUTO_INCREMENT=73;

--
-- 使用資料表自動遞增(AUTO_INCREMENT) `course_level`
--
ALTER TABLE `course_level`
  MODIFY `course_level_id` int(5) NOT NULL AUTO_INCREMENT, AUTO_INCREMENT=5;

--
-- 使用資料表自動遞增(AUTO_INCREMENT) `course_location`
--
ALTER TABLE `course_location`
  MODIFY `course_location_id` int(5) NOT NULL AUTO_INCREMENT, AUTO_INCREMENT=5;

--
-- 使用資料表自動遞增(AUTO_INCREMENT) `course_type`
--
ALTER TABLE `course_type`
  MODIFY `course_type_id` int(5) NOT NULL AUTO_INCREMENT, AUTO_INCREMENT=7;
COMMIT;

/*!40101 SET CHARACTER_SET_CLIENT=@OLD_CHARACTER_SET_CLIENT */;
/*!40101 SET CHARACTER_SET_RESULTS=@OLD_CHARACTER_SET_RESULTS */;
/*!40101 SET COLLATION_CONNECTION=@OLD_COLLATION_CONNECTION */;
